linguagem,caso,tamanho_label,n,k,media_segundos,desvio_padrao_segundos,minimo_segundos,maximo_segundos,execucoes,complexidade_teorica,coeficiente_variacao
python,melhor,n_fixo_k_pequeno,1000000,100,0.06185192666666666,0.0020952465663370353,0.0583782,0.0671967,30,1000100,0.03387520291208986
rust,melhor,n_fixo_k_pequeno,1000000,100,0.00137718,0.0003269589928943425,0.000883,0.0021853,30,1000100,0.23741195260920323
python,medio,n_fixo_k_igual_n,1000000,1000000,0.21121126333333334,0.03615293589100275,0.1783598,0.3148835,30,2000000,0.17116954522423472
rust,medio,n_fixo_k_igual_n,1000000,1000000,0.011865160000000001,0.0020523707638089982,0.0097203,0.0197872,30,2000000,0.17297455439361947
python,pior,n_fixo_k_grande,1000000,100000000,9.801307223333334,0.5060556745308081,9.5766146,12.2409487,30,101000000,0.05163144701005539
rust,pior,n_fixo_k_grande,1000000,100000000,0.30851934333333336,0.0126818283176249,0.2965912,0.3541571,30,101000000,0.04110545608131636
