linguagem,cenario_k,n,k,media_segundos,desvio_padrao,minimo,maximo,execucoes,complexidade_teorica,velocidade_elementos_por_segundo,constante_c,tempo_teorico_ajustado
python,k_pequeno,100000,100,0.00553368,0.0001799315720508484,0.0051617,0.0058443,30,100100,18071156.987754986,9.518542119660464e-08,0.009528060661780125
python,k_igual_n,100000,100000,0.016251583333333333,0.00047427074406731096,0.0157824,0.0181313,30,200000,6153246.606740882,9.518542119660464e-08,0.019037084239320927
python,k_grande,100000,1000000,0.10557390666666668,0.0023304808522518717,0.1017422,0.1104513,30,1100000,947203.7471885413,9.518542119660464e-08,0.10470396331626511
rust,k_pequeno,100000,100,9.298000000000001e-05,1.8076225574894854e-05,8.73e-05,0.0001866,30,100100,1075500107.5500107,3.6157867297149772e-09,0.0003619402516444692
rust,k_igual_n,100000,100000,0.0005795566666666667,2.4277486141141836e-05,0.0005625,0.0006799,30,200000,172545681.46916896,3.6157867297149772e-09,0.0007231573459429955
rust,k_grande,100000,1000000,0.00402795,0.00025481052832414036,0.0036987,0.0046184,30,1100000,24826524.65894562,3.6157867297149772e-09,0.003977365402686475
