linguagem,cenario_k,n,k,media_segundos,desvio_padrao,minimo,maximo,execucoes,complexidade_teorica,velocidade_elementos_por_segundo,constante_c,tempo_teorico_ajustado
python,k_pequeno,100000,100,0.00640587,0.0011266848683270942,0.0051639,0.0098102,30,100100,15610682.077532014,1.0574977608516973e-07,0.01058555258612549
python,k_igual_n,100000,100000,0.02002627666666667,0.0028601305669115193,0.0161244,0.0281571,30,200000,4993439.45279893,1.0574977608516973e-07,0.021149955217033944
python,k_grande,100000,1000000,0.11690941,0.012194510670007675,0.1046003,0.1573132,30,1100000,855363.1397164693,1.0574977608516973e-07,0.11632475369368671
rust,k_pequeno,100000,100,9.513333333333332e-05,1.0620355644844876e-05,8.95e-05,0.000137,30,100100,1051156271.8990891,4.9116366916532815e-09,0.0004916548328344934
rust,k_igual_n,100000,100000,0.0006244266666666667,5.976428949507032e-05,0.0005828,0.0007932,30,200000,160146908.09702766,4.9116366916532815e-09,0.0009823273383306563
rust,k_grande,100000,1000000,0.005503956666666667,0.0009698827261789078,0.0041702,0.0075558,30,1100000,18168747.694840133,4.9116366916532815e-09,0.0054028003608186095
