caso,tamanho_label,n,python,rust,speedup_rust_vs_python
melhor,pequena,1000,0.00015793,2.4133333333333332e-06,65.44060773480663
melhor,media,10000,0.0014877133333333335,2.122e-05,70.10901665095822
melhor,grande,1000000,0.16327986,0.00327072,49.921686968007045
medio,pequena,1000,0.00015881333333333335,5.73e-06,27.716114019778942
medio,media,10000,0.0016031366666666668,5.7413333333333335e-05,27.922724105898748
medio,grande,1000000,0.17739794,0.01026973,17.273866012056793
pior,pequena,1000,0.00014795333333333333,2.0566666666666663e-06,71.93841166936792
pior,media,10000,0.0014694866666666666,1.9736666666666667e-05,74.45465293024827
pior,grande,1000000,0.15908874666666667,0.004582676666666666,34.71524574793625
