caso,tamanho_label,n,python,rust,speedup_rust_vs_python
melhor,pequena,1000,0.00025055,2.4533333333333333e-06,102.12635869565217
melhor,media,10000,0.0018482666666666666,4.712333333333333e-05,39.22189997877909
melhor,grande,1000000,0.1858603633333333,0.00554747,33.503626578121796
medio,pequena,1000,0.00025516666666666667,5.986666666666666e-06,42.62249443207127
medio,media,10000,0.0017780200000000002,0.00010378,17.132588167276932
medio,grande,1000000,0.19453751333333333,0.014913963333333334,13.04398495459177
pior,pequena,1000,0.00018897333333333334,2.136666666666667e-06,88.4430577223089
pior,media,10000,0.00173835,7.376333333333333e-05,23.566586831759235
pior,grande,1000000,0.16104362,0.005907303333333333,27.261782731093884
