caso,n,k,media_speedup,desvio_padrao_speedup
melhor,1000000,100,71.36586246782366,4.421983312661653
medio,1000000,1000000,16.62791008019827,1.208146461672644
pior,1000000,100000000,34.099843197541794,2.0725598465287693
