caso,n,k,python,rust,speedup_rust_vs_python
melhor,1000000,100,0.06185192666666666,0.00137718,44.91201343808846
medio,1000000,1000000,0.21121126333333334,0.011865160000000001,17.800962088444937
pior,1000000,100000000,9.801307223333334,0.30851934333333336,31.76885804772284
