caso,tamanho_label,n,python,rust,speedup_rust_vs_python
melhor,pequena,1000,0.00016953333333333335,4.5e-06,37.67407407407408
melhor,media,10000,0.0017231233333333334,4.875666666666667e-05,35.34128666165311
melhor,grande,1000000,0.19799467999999998,0.006210793333333334,31.87912869960788
medio,pequena,1000,0.00018095333333333332,9.083333333333333e-06,19.921467889908257
medio,media,10000,0.0017074366666666666,7.590333333333333e-05,22.494883843485134
medio,grande,1000000,0.3468629066666667,0.020254706666666667,17.125052086659036
pior,pequena,1000,0.00015921,4.706666666666666e-06,33.82648725212465
pior,media,10000,0.0016003333333333334,4.164e-05,38.43259686199168
pior,grande,1000000,0.2553083266666667,0.007263476666666667,35.14960374806739
