linguagem,caso,n,k,velocidade_media,desvio_padrao_velocidade
python,melhor,1000000,100,16185319.787518807,540233.7695509632
python,medio,1000000,1000000,4844001.664639226,669983.8499056125
python,pior,1000000,100000000,102246.48763323484,4403.362451161817
rust,melhor,1000000,100,766430109.3547479,181061420.50726402
rust,medio,1000000,1000000,86229880.87451373,12010248.769213354
rust,pior,1000000,100000000,3246182.0227889097,123364.05115189347
